theme_final,platform,created_at,likes,predicted_positive_prob,text
app_experience,google_play,2026-02-15 01:37:21,0,0.9999639179099812,the best food ordering app with great discounts
app_experience,google_play,2020-12-29 21:08:49,0,0.9999373994338143,"Amazing app with great offers. Truly love this app... Best to order food when you travel to new places, helps you to identify and order best food from great places"
app_experience,google_play,2020-02-14 15:12:03,0,0.9999241941805995,It's amazing app for students like us... living away frm home.... always on time...great recommendations... thanks zomato...!! Keep up the good work😄
app_experience,google_play,2026-03-03 12:12:52,0,0.9999192491853539,Very user friendly amazing App. Keep it up guys. Happy with your services. All the Best to the Team Zomato.
app_experience,google_play,2025-11-22 19:35:11,0,0.9999154015972802,best app ever easy to use restaurant options are also very good 👍
competitor_comparison,google_play,2026-03-17 17:11:51,0,0.9999473190745323,better than swiggy great discounts
competitor_comparison,google_play,2021-03-21 01:26:36,0,0.9993760785886429,Great experience with Zomato. It's better than other food apps. Inexpensive and with great team to deliver on and before time . Amazing service and offers. Thank u Zomato and team
competitor_comparison,google_play,2025-12-28 11:55:15,0,0.9993393310189678,awesome. i felt more budget friendly than Swiggy. thank you so much Zomato 😀
competitor_comparison,google_play,2025-10-25 18:05:20,0,0.9991061917977739,very good experience ordering and many coupons and offers better than Swiggy
competitor_comparison,google_play,2023-10-09 14:30:04,0,0.9990903638121245,"I have been ordering food from Zomato since 2014, its always been a wonderful experience. Introduction of Zomato Gold and Blinkit also helps us to get wide range of items within a quick time and with Good doiscounted rates.. Keep up the good work.."
customer_support,google_play,2018-10-04 14:57:34,0,0.9997675979057667,"The best app for ordering food ☺️ Large Variety of restaurants/cuisines, Great offers, Quick response via chat support and many more reasons to love zomato 😊😊😊 Keep up the good work 👍"
customer_support,google_play,2024-09-05 12:52:35,0,0.9997516897629543,I love this app. Very Good selection of restaurants. Easy interface. Very fast response if any query. Very good dishes in very ecnomical budget. Thank you so much.
customer_support,google_play,2025-06-20 10:28:43,11,0.9997498619570117,"Zomato is a fantastic app for food lovers! It’s user-friendly, offers a wide variety of restaurant options, and makes ordering food or discovering new places super easy. The real-time tracking and reliable customer support add to the overall great experience. Highly recommended for quick and convenient food ordering"
customer_support,google_play,2026-01-07 22:30:30,0,0.999661916077848,Great app with amazing support
customer_support,google_play,2019-05-07 04:44:53,0,0.9996593884060587,Easy to order. Easy to find top rated dining places. Amazing offers. Reviews further help in finding the best cuisine around you.
delivery,google_play,2026-02-12 19:36:31,0,0.9999603240759385,great experience and best app for food delivery. great offers
delivery,google_play,2026-01-14 22:19:33,0,0.9999558721323832,i love this app it's the best food delivery app
delivery,google_play,2026-01-21 19:36:41,1,0.9999374970032533,It is a very good delivery app and we love this application.Zomato gives the best offers. Thanks for this application 😊
delivery,google_play,2026-03-29 14:54:34,0,0.9999369988326053,Best app for food delivery.far better than swiggy.
delivery,google_play,2021-06-03 23:02:06,0,0.9999205528054667,"Zomato is the best app for food delivery. Good customisation, choices and easy to use. Highly reliable and customer friendly."
food_quality,google_play,2026-01-04 22:21:10,0,0.9997308308429821,"a great experience, food quality always awesome,love this app"
food_quality,google_play,2019-06-19 18:18:14,0,0.9995103003261762,excellent and nice . food quality is awesome . and the app is very easy to use and understand . nice experience ..... five stars 🌟 🌟 🌟 🌟 🌟 from me . keep it up . best wishes ..........
food_quality,google_play,2019-01-23 22:54:51,0,0.99942526631722,zomato is very nice and helpful app for me.. I can order anything with much more offers than any other apps. Quality of food is also amazing.. Really loved zomato.. Its pocket friendly nd tasty tooo..😗😍😍
food_quality,google_play,2026-01-12 16:22:31,0,0.9992158221846317,Excellent App 👌👌 Best app for its quick service and food quality. I would like to give 100/100.
food_quality,google_play,2025-09-05 15:33:15,0,0.9990658130441614,"in my opinion zomato is a really best and helpful app. better than swiggy. it's been a year that I,m using zomato and the experiment was really great. my food have always been on time and quality of wood was also best. guys if you're craving something delicious than order from zomato"
order_issue,google_play,2025-03-28 23:40:41,2,0.9858753057815178,It is the best and top food ordering apps in whole India and I love how quick and fast they deliver their food but sometimes due to overloads of order in the resturant it sends us wrong order. But not the Zomato problen its the resturants.
order_issue,google_play,2025-11-20 01:42:45,1,0.9845369307041527,Literally the best platform for ordering food in India I'm using Zomato since very long time and other apps also but the service that zomato provide me is outstanding i never faced problem in zomato specially they are very supportive when you received wrong order or bad quality of food they helped me always. thanks a lot ZOMATO. Appreciation for best 🫶
order_issue,google_play,2023-10-03 12:54:08,2,0.9838506426669545,Really good..once it had canceled cod option. But now they ve made it available. It is very easy to place an order. Zomato is soo good. Also glad I'm a gold member. The experience has been great so far
order_issue,google_play,2024-04-02 19:58:33,0,0.9777648892742026,Amazing !!! Dilevery on time .!! No food get damaged!! Food is always hot and fresh!! I am using Zomato from 2 years and it never disappointed me . Keep it up Zomato..
order_issue,google_play,2024-02-04 21:07:35,1,0.9764929366764609,Best app for online food ordering. It has good service if you have problem with your order. Zomato will reply you and manage everything in case of incorrect order.
other,google_play,2026-01-30 17:37:03,0,0.9999748700806551,awesome 👌 thanks zomato
other,google_play,2026-03-21 04:25:13,0,0.999913802234654,Amazing discountss✨️🤗
other,google_play,2026-03-19 22:33:51,0,0.9998988281618475,best food provide thanks zomato
other,google_play,2025-11-02 22:14:55,0,0.9998968115229818,great offers and discounts... easy to use... transparent deals
other,google_play,2026-02-24 23:41:11,0,0.9998886605505302,thank you zomato very good
pricing_fees,google_play,2019-09-03 20:21:38,0,0.9998361874810695,"I genuinely love this app, great selection of restaurants nd food, i like menu of food, really delicious. This is really easy to Choice of good, healthy , nd proper discount prices."
pricing_fees,google_play,2019-02-23 21:57:07,0,0.9998334999896734,"Awesome app for food ordering. Love this app for its discount offers, it helps us a lot to eat better.. 😊 lots of love and best wishes."
pricing_fees,google_play,2021-12-03 13:56:57,0,0.9998256047197408,Easy to use and gives immense discount also fast and good service... Customisable and better than any other food service app i used... Zomato is worked hard and best till now and i m really satisfied with the service.
pricing_fees,google_play,2026-03-03 23:13:40,0,0.9998239153122354,nice place to order food and I really love it all the coupon and discounts are also amazing love to order more further... thank you zomato 🫶🏻
pricing_fees,google_play,2019-08-30 13:06:49,0,0.9997792077408635,"Great offers with reasonable price, its good to order food in online compare to had food in hotels. Thanks to Zomato and Team. Your the best service provider in my experience. Hatsoff."
refund_cancellation,google_play,2021-06-16 20:59:11,1,0.9992558365012146,"Excellent app.. very polite employees, excellent service,and in case of order mismatch, they politely refund . Keep up the good work"
refund_cancellation,google_play,2025-10-08 01:49:56,2,0.9990587445344699,"It is a very good application, no bugs, fast refund and everything, I liked it very much, it is even better than Swiggy, I have been using it for many years, it is the best 👌🏻"
refund_cancellation,google_play,2025-08-20 12:50:56,0,0.9989482151402967,it's easy to use but pls make the cancellation process better and take good care of the delivery guys because they always bring food in time ... overall it's an amazing app
refund_cancellation,google_play,2021-07-20 00:18:38,0,0.9989199228535803,"Wow... Zomato ..... my refund has been initiated so soon.... Thank you so much Fast service .... Superb response in solving issues... Great work., The best customer service Zomato.... Keep it up....."
refund_cancellation,google_play,2020-05-26 09:36:04,1,0.9985261942288525,"Zomato is far more better than Swiggy and other online food delivery Apps. Easy of use, concerns addressed.. Refund or credits given whenever there is a problem. Safe and hygiene food during Covid situations as well. Excellent zomato team, keep up the good work.. Keep providing value added services and discounts as well.. Happy user and consumer."
trust_reviews,google_play,2024-12-31 01:22:22,3,0.9994822188618961,"Great app for discovering new restaurants and ordering food. The interface is easy to use, and it always provides reliable service. I love the detailed reviews and variety of options available. Highly recommend it for food lovers"
trust_reviews,google_play,2020-04-13 18:58:02,0,0.9993948880756472,Amazing app.. gives me great perspective about restaurants. Reviews make a big difference. Very easy to navigate within app.Thank you Zomato for making a Foodies life easy 😊❤👍🏻
trust_reviews,google_play,2023-01-15 17:36:22,0,0.9992645857772173,Amazing app..it's very easy and convenient to use.Options are pretty good and standardized of restaurants are done with ratings.love it
trust_reviews,google_play,2023-08-26 01:47:52,0,0.9991421484163783,"I love zomato app very much because, it always gives me amazing discounts on most of the food and the app is very much friendly and easy to operate. Most customer friendly app which has transparency and authenticity as always. Thank you zomato. Regards, Mohd Aamir"
trust_reviews,google_play,2019-05-12 12:23:20,0,0.9987875692654736,Really a great online food ordering app. Loved the interface and how customers add their reviews. THANKS!!
